{"type": "line", "data": {"datasets": [{"data": [61.0, 56.285714285714285, 52.0, 63.0, 59.2, 56.666666666666664, 57.333333333333336, 59.142857142857146, 58.0, 68.25, 51.5, 49.666666666666664, 56.2, 39.666666666666664, 42.5, 57.0, 53.333333333333336, 55.0, 57.75, 58.2, 55.2, 45.5, 49.2, 53.0, 55.333333333333336, 54.0, 62.285714285714285, 52.25, 60.42857142857143, 52.4, 59.833333333333336, 53.0, 53.6, 54.333333333333336, 45.8, 52.285714285714285, 53.714285714285715, 41.75, 44.2, 52.75, 61.6, 53.57142857142857, 63.125, 59.333333333333336, 51.5, 60.0, 58.0, 52.714285714285715, 53.57142857142857, 66.0, 53.857142857142854, 49.0, 57.333333333333336, 45.0, 51.111111111111114, 55.0, 54.5, 52.5, 49.25, 57.44444444444444, 49.0, 53.0, 73.16666666666667, 59.75, 57.857142857142854, 60.77777777777778, 59.666666666666664, 64.83333333333333, 54.09090909090909, 57.916666666666664, 66.91666666666667, 57.25, 48.44444444444444, 65.1, 57.81818181818182, 62.54545454545455, 59.0, 61.0, 60.888888888888886, 66.85714285714286, 60.77777777777778, 57.857142857142854, 59.18181818181818, 55.666666666666664, 63.27272727272727, 61.7, 64.45454545454545, 58.285714285714285, 62.857142857142854, 57.90909090909091, 67.91666666666667, 64.18181818181819, 58.92307692307692, 59.81818181818182, 63.416666666666664, 62.666666666666664, 69.0, 58.714285714285715, 70.07692307692308, 65.54545454545455, 61.25, 69.33333333333333, 58.25, 70.54545454545455, 68.25, 66.07692307692308, 67.18181818181819, 58.53846153846154, 66.33333333333333, 71.41666666666667, 57.76923076923077, 73.0, 70.63636363636364, 74.0909090909091, 66.53846153846153, 66.42857142857143, 70.54545454545455, 65.6923076923077, 70.91666666666667, 68.36363636363636]}], "labels": [1901, 1902, 1903, 1904, 1905, 1906, 1907, 1908, 1909, 1910, 1911, 1912, 1913, 1914, 1915, 1916, 1917, 1918, 1919, 1920, 1921, 1922, 1923, 1924, 1925, 1926, 1927, 1928, 1929, 1930, 1931, 1932, 1933, 1934, 1935, 1936, 1937, 1938, 1939, 1943, 1944, 1945, 1946, 1947, 1948, 1949, 1950, 1951, 1952, 1953, 1954, 1955, 1956, 1957, 1958, 1959, 1960, 1961, 1962, 1963, 1964, 1965, 1966, 1967, 1968, 1969, 1970, 1971, 1972, 1973, 1974, 1975, 1976, 1977, 1978, 1979, 1980, 1981, 1982, 1983, 1984, 1985, 1986, 1987, 1988, 1989, 1990, 1991, 1992, 1993, 1994, 1995, 1996, 1997, 1998, 1999, 2000, 2001, 2002, 2003, 2004, 2005, 2006, 2007, 2008, 2009, 2010, 2011, 2012, 2013, 2014, 2015, 2016, 2017, 2018, 2019, 2020, 2021, 2022, 2023]}}